,V_OC,J_SC,PCE,HOMO_D,LUMO_D,Lambda+,HOMO_A,LUMO_A,Lambda-
V_OC,1.0,-0.006062338164118023,0.20147816335262825,-0.3533384103461171,-0.09631503887424507,0.18087251153492778,0.0803742515230661,-0.009529875373705322,0.06474329485111274
J_SC,-0.006062338164118023,1.0,0.9320644941371296,-0.43527658203408137,-0.3504887684110639,-0.0906567694025699,0.09425898073089106,-0.5598685455388824,-0.075549179338681
PCE,0.20147816335262825,0.9320644941371296,1.0,-0.4972034536640145,-0.3210825286891577,-0.015966025694393312,0.08343355168353345,-0.5076440996124295,-0.011053196950282377
HOMO_D,-0.3533384103461171,-0.43527658203408137,-0.4972034536640145,1.0,0.5673249294317967,-0.4591394219345283,0.04303155452851196,0.6329872300828054,-0.12168537772884934
LUMO_D,-0.09631503887424507,-0.3504887684110639,-0.3210825286891577,0.5673249294317967,1.0,0.7037248450226886,0.13878066198874073,0.6126001709688138,-0.13358288194590182
Lambda+,0.18087251153492778,-0.0906567694025699,-0.015966025694393312,-0.4591394219345283,0.7037248450226886,1.0,0.5023027054998045,0.3505696210481954,-0.030200408868096777
HOMO_A,0.0803742515230661,0.09425898073089106,0.08343355168353345,0.04303155452851196,0.13878066198874073,0.5023027054998045,1.0,0.13131695105266755,0.024047587177759313
LUMO_A,-0.009529875373705322,-0.5598685455388824,-0.5076440996124295,0.6329872300828054,0.6126001709688138,0.3505696210481954,0.13131695105266755,1.0,0.05714090430364098
Lambda-,0.06474329485111274,-0.075549179338681,-0.011053196950282377,-0.12168537772884934,-0.13358288194590182,-0.030200408868096777,0.024047587177759313,0.05714090430364098,1.0
